<hazelcast xmlns:xsi="http://www.w3.org/2001/XMLSchema-instance"
           xsi:schemaLocation="http://www.hazelcast.com/schema/config
                               http://www.hazelcast.com/schema/config/hazelcast-config-3.9.xsd"
           xmlns="http://www.hazelcast.com/schema/config">

    <map name="InsurerMap">
        <map-store enabled="true">
            <class-name>com.capgemini.demo.jpa.service.InsurerServiceHazelCastDAOImpl</class-name>
            <!--
            Configure MapStore as write-behind by setting the write-delay-seconds property to a value bigger than 0. 
            This means the modified entries will be put to the data store asynchronously after a configured delay.
            --> 
            <write-delay-seconds>900</write-delay-seconds>
      		<write-batch-size>1000</write-batch-size>
      		<write-coalescing>true</write-coalescing>
        </map-store>
    </map>
</hazelcast>