{
  "3": "SW",
  "300":"SW",
  "": "SW",
  "a": "SW",
  "about": "SW",
  "above": "SW",
  "across": "SW",
  "after": "SW",
  "afterwards": "SW",
  "again": "SW",
  "against": "SW",
  "all": "SW",
  "almost": "SW",
  "alone": "SW",
  "along": "SW",
  "already": "SW",
  "also": "SW",
  "although": "SW",
  "always": "SW",
  "am": "SW",
  "among": "SW",
  "amongst": "SW",
  "amoungst": "SW",
  "amount": "SW",
  "an": "SW",
  "and": "SW",
  "another": "SW",
  "any": "SW",
  "anyhow": "SW",
  "anyone": "SW",
  "anything": "SW",
  "anyway": "SW",
  "anywhere": "SW",
  "are": "SW",
  "around": "SW",
  "as": "SW",
  "at": "SW",
  "back": "SW",
  "be": "SW",
  "became": "SW",
  "because": "SW",
  "become": "SW",
  "becomes": "SW",
  "becoming": "SW",
  "been": "SW",
  "before": "SW",
  "beforehand": "SW",
  "behind": "SW",
  "being": "SW",
  "below": "SW",
  "beside": "SW",
  "besides": "SW",
  "between": "SW",
  "beyond": "SW",
  "bill": "SW",
  "both": "SW",
  "bottom": "SW",
  "but": "SW",
  "by": "SW",
  "call": "SW",
  "can": "SW",
  "cannot": "SW",
  "cant": "SW",
  "co": "SW",
  "con": "SW",
  "could": "SW",
  "couldnt": "SW",
  "cry": "SW",
  "de": "SW",
  "describe": "SW",
  "detail": "SW",
  "do": "SW",
  "done": "SW",
  "due": "SW",
  "during": "SW",
  "each": "SW",
  "eg": "SW",
  "eight": "SW",
  "either": "SW",
  "eleven": "SW",
  "else": "SW",
  "elsewhere": "SW",
  "empty": "SW",
  "enough": "SW",
  "etc": "SW",
  "even": "SW",
  "ever": "SW",
  "every": "SW",
  "everyone": "SW",
  "everything": "SW",
  "everywhere": "SW",
  "except": "SW",
  "few": "SW",
  "fifteen": "SW",
  "fify": "SW",
  "fill": "SW",
  "find": "SW",
  "fire": "SW",
  "first": "SW",
  "five": "SW",
  "for": "SW",
  "former": "SW",
  "formerly": "SW",
  "forty": "SW",
  "found": "SW",
  "four": "SW",
  "from": "SW",
  "front": "SW",
  "full": "SW",
  "further": "SW",
  "get": "SW",
  "give": "SW",
  "go": "SW",
  "had": "SW",
  "has": "SW",
  "hasnt": "SW",
  "have": "SW",
  "he": "SW",
  "hence": "SW",
  "her": "SW",
  "here": "SW",
  "hereafter": "SW",
  "hereby": "SW",
  "herein": "SW",
  "hereupon": "SW",
  "hers": "SW",
  "herself": "SW",
  "him": "SW",
  "himself": "SW",
  "his": "SW",
  "how": "SW",
  "however": "SW",
  "hundred": "SW",
  "I": "SW",
  "ie": "SW",
  "if": "SW",
  "in": "SW",
  "inc": "SW",
  "indeed": "SW",
  "interest": "SW",
  "into": "SW",
  "is": "SW",
  "it": "SW",
  "its": "SW",
  "itself": "SW",
  "keep": "SW",
  "last": "SW",
  "latter": "SW",
  "latterly": "SW",
  "least": "SW",
  "less": "SW",
  "ltd": "SW",
  "made": "SW",
  "many": "SW",
  "may": "SW",
  "me": "SW",
  "meanwhile": "SW",
  "might": "SW",
  "mill": "SW",
  "mine": "SW",
  "more": "SW",
  "moreover": "SW",
  "most": "SW",
  "mostly": "SW",
  "move": "SW",
  "much": "SW",
  "must": "SW",
  "my": "SW",
  "myself": "SW",
  "name": "SW",
  "namely": "SW",
  "neither": "SW",
  "never": "SW",
  "nevertheless": "SW",
  "next": "SW",
  "nine": "SW",
  "no": "SW",
  "nobody": "SW",
  "none": "SW",
  "noone": "SW",
  "nor": "SW",
  "not": "SW",
  "nothing": "SW",
  "now": "SW",
  "nowhere": "SW",
  "of": "SW",
  "off": "SW",
  "often": "SW",
  "on": "SW",
  "once": "SW",
  "one": "SW",
  "onto": "SW",
  "or": "SW",
  "other": "SW",
  "others": "SW",
  "otherwise": "SW",
  "our": "SW",
  "ours": "SW",
  "ourselves": "SW",
  "out": "SW",
  "over": "SW",
  "own": "SW",
  "part": "SW",
  "per": "SW",
  "perhaps": "SW",
  "please": "SW",
  "put": "SW",
  "rather": "SW",
  "re": "SW",
  "same": "SW",
  "see": "SW",
  "seem": "SW",
  "seemed": "SW",
  "seeming": "SW",
  "seems": "SW",
  "serious": "SW",
  "several": "SW",
  "she": "SW",
  "should": "SW",
  "show": "SW",
  "side": "SW",
  "since": "SW",
  "sincere": "SW",
  "six": "SW",
  "sixty": "SW",
  "so": "SW",
  "some": "SW",
  "somehow": "SW",
  "someone": "SW",
  "something": "SW",
  "sometime": "SW",
  "sometimes": "SW",
  "somewhere": "SW",
  "still": "SW",
  "such": "SW",
  "system": "SW",
  "take": "SW",
  "ten": "SW",
  "than": "SW",
  "that": "SW",
  "the": "SW",
  "their": "SW",
  "them": "SW",
  "themselves": "SW",
  "then": "SW",
  "thence": "SW",
  "there": "SW",
  "thereafter": "SW",
  "thereby": "SW",
  "therefore": "SW",
  "therein": "SW",
  "thereupon": "SW",
  "these": "SW",
  "they": "SW",
  "thickv": "SW",
  "thin": "SW",
  "third": "SW",
  "this": "SW",
  "those": "SW",
  "though": "SW",
  "three": "SW",
  "through": "SW",
  "throughout": "SW",
  "thru": "SW",
  "thus": "SW",
  "to": "SW",
  "together": "SW",
  "too": "SW",
  "top": "SW",
  "toward": "SW",
  "towards": "SW",
  "twelve": "SW",
  "twenty": "SW",
  "two": "SW",
  "un": "SW",
  "under": "SW",
  "until": "SW",
  "up": "SW",
  "upon": "SW",
  "us": "SW",
  "via": "SW",
  "was": "SW",
  "we": "SW",
  "well": "SW",
  "were": "SW",
  "what": "SW",
  "whatever": "SW",
  "when": "SW",
  "whence": "SW",
  "whenever": "SW",
  "where": "SW",
  "whereafter": "SW",
  "whereas": "SW",
  "whereby": "SW",
  "wherein": "SW",
  "whereupon": "SW",
  "wherever": "SW",
  "whether": "SW",
  "which": "SW",
  "while": "SW",
  "whither": "SW",
  "who": "SW",
  "whoever": "SW",
  "whole": "SW",
  "whom": "SW",
  "whose": "SW",
  "why": "SW",
  "will": "SW",
  "with": "SW",
  "within": "SW",
  "without": "SW",
  "would": "SW",
  "yet": "SW",
  "you": "SW",
  "your": "SW",
  "yours": "SW",
  "yourself": "SW",
  "yourselves": "SW",
  "It's": "SW",
  "max": "SW",
  "card": "SW",
  "Then": "SW",
  "credit": "SW",
  "line": "SW",
  "Don't": "SW",
  "you'll": "SW",
  "Discover": "SW",
  "It": "SW",
  "limit": "SW",
  "reason": "SW",
  "did": "SW",
  "The": "SW",
  "rewards": "SW",
  "services": "SW",
  "treated": "SW",
  "times": "SW",
  "plan": "SW",
  "keeping": "SW",
  "account": "SW",
  "long": "SW",
  "time": "SW",
  "recommend": "SW",
  "paid": "SW",
  "&": "SW",
  "score": "SW",
  "sounds": "SW",
  "kinda": "SW",
  "won't": "SW",
  "work": "SW",
  "places": "SW",
  "using": "SW",
  "years": "SW",
  "There": "SW",
  "single": "SW",
  "missed": "SW",
  "payment": "SW",
  "And": "SW",
  "hoping": "SW",
  "know": "SW",
  "cards": "SW",
  "offer": "SW",
  "Its": "SW",
  "happened": "SW",
  "twice": "SW",
  "trying": "SW",
  "make": "SW",
  "purchases": "SW",
  "discover": "SW",
  "got": "SW",
  "point": "SW",
  "having": "SW",
  "CL": "SW",
  "shortly": "SW",
  "getting": "SW",
  "Will": "SW",
  "longer": "SW",
  "going": "SW",
  "forward": "SW",
  "use": "SW",
  "complete": "SW",
  "month": "SW",
  "onwards": "SW",
  "i": "SW",
  "changing": "SW",
  "schedule": "SW",
  "royal": "SW",
  "track": "SW",
  "don't": "SW",
  "just": "SW",
  "it's":"SW",
"cl":"SW",
"it's":"SW",
"1%":"SW",
"including":"SW",
"inn":"SW",
"airforce":"SW",
"academy":"SW",
"husband":"SW",
"works":"SW",
"visa":"SW",
"mastercard":"SW",
"american":"SW",
"express":"SW",
"cash":"SW",
"atm":"SW",
"emergency":"SW",
"very":"SW"
}